Date,Batch,Filename,File Date,File Time,File Size (KB),Folder Path
2026-07-04,Batch_101,entry_20260704_101244.jpg,20260704,101244,92.05,/Users/bhushan/Downloads/dde2a01c-4ab7-4fdc-ab3d-2fd7819b05ef/2026_Organized/2026-07-04/Batch_101/entry_20260704_101244.jpg
2026-07-04,Batch_101,entry_20260704_102149.jpg,20260704,102149,88.94,/Users/bhushan/Downloads/dde2a01c-4ab7-4fdc-ab3d-2fd7819b05ef/2026_Organized/2026-07-04/Batch_101/entry_20260704_102149.jpg
2026-07-04,Batch_101,entry_20260704_101455.jpg,20260704,101455,89.43,/Users/bhushan/Downloads/dde2a01c-4ab7-4fdc-ab3d-2fd7819b05ef/2026_Organized/2026-07-04/Batch_101/entry_20260704_101455.jpg
2026-07-04,Batch_101,entry_20260704_101221.jpg,20260704,101221,89.81,/Users/bhushan/Downloads/dde2a01c-4ab7-4fdc-ab3d-2fd7819b05ef/2026_Organized/2026-07-04/Batch_101/entry_20260704_101221.jpg
2026-07-04,Batch_101,entry_20260704_102331.jpg,20260704,102331,91.32,/Users/bhushan/Downloads/dde2a01c-4ab7-4fdc-ab3d-2fd7819b05ef/2026_Organized/2026-07-04/Batch_101/entry_20260704_102331.jpg
2026-07-04,Batch_101,entry_20260704_094804.jpg,20260704,094804,88.48,/Users/bhushan/Downloads/dde2a01c-4ab7-4fdc-ab3d-2fd7819b05ef/2026_Organized/2026-07-04/Batch_101/entry_20260704_094804.jpg
2026-07-04,Batch_101,entry_20260704_094555.jpg,20260704,094555,90.14,/Users/bhushan/Downloads/dde2a01c-4ab7-4fdc-ab3d-2fd7819b05ef/2026_Organized/2026-07-04/Batch_101/entry_20260704_094555.jpg
2026-07-04,Batch_101,entry_20260704_101404.jpg,20260704,101404,91.07,/Users/bhushan/Downloads/dde2a01c-4ab7-4fdc-ab3d-2fd7819b05ef/2026_Organized/2026-07-04/Batch_101/entry_20260704_101404.jpg
2026-07-04,Batch_101,entry_20260704_102454.jpg,20260704,102454,95.52,/Users/bhushan/Downloads/dde2a01c-4ab7-4fdc-ab3d-2fd7819b05ef/2026_Organized/2026-07-04/Batch_101/entry_20260704_102454.jpg
2026-07-04,Batch_101,entry_20260704_094354.jpg,20260704,094354,93.08,/Users/bhushan/Downloads/dde2a01c-4ab7-4fdc-ab3d-2fd7819b05ef/2026_Organized/2026-07-04/Batch_101/entry_20260704_094354.jpg
2026-07-04,Batch_101,entry_20260704_095101.jpg,20260704,095101,89.54,/Users/bhushan/Downloads/dde2a01c-4ab7-4fdc-ab3d-2fd7819b05ef/2026_Organized/2026-07-04/Batch_101/entry_20260704_095101.jpg
2026-07-04,Batch_101,entry_20260704_102651.jpg,20260704,102651,93.11,/Users/bhushan/Downloads/dde2a01c-4ab7-4fdc-ab3d-2fd7819b05ef/2026_Organized/2026-07-04/Batch_101/entry_20260704_102651.jpg
2026-07-04,Batch_101,entry_20260704_094736.jpg,20260704,094736,95.31,/Users/bhushan/Downloads/dde2a01c-4ab7-4fdc-ab3d-2fd7819b05ef/2026_Organized/2026-07-04/Batch_101/entry_20260704_094736.jpg
2026-07-04,Batch_101,entry_20260704_095206.jpg,20260704,095206,89.73,/Users/bhushan/Downloads/dde2a01c-4ab7-4fdc-ab3d-2fd7819b05ef/2026_Organized/2026-07-04/Batch_101/entry_20260704_095206.jpg
2026-07-04,Batch_101,entry_20260704_101659.jpg,20260704,101659,94.12,/Users/bhushan/Downloads/dde2a01c-4ab7-4fdc-ab3d-2fd7819b05ef/2026_Organized/2026-07-04/Batch_101/entry_20260704_101659.jpg
2026-07-04,Batch_101,entry_20260704_102351.jpg,20260704,102351,94.16,/Users/bhushan/Downloads/dde2a01c-4ab7-4fdc-ab3d-2fd7819b05ef/2026_Organized/2026-07-04/Batch_101/entry_20260704_102351.jpg
2026-07-04,Batch_101,entry_20260704_102745.jpg,20260704,102745,87.29,/Users/bhushan/Downloads/dde2a01c-4ab7-4fdc-ab3d-2fd7819b05ef/2026_Organized/2026-07-04/Batch_101/entry_20260704_102745.jpg
2026-07-04,Batch_101,entry_20260704_101304.jpg,20260704,101304,95.08,/Users/bhushan/Downloads/dde2a01c-4ab7-4fdc-ab3d-2fd7819b05ef/2026_Organized/2026-07-04/Batch_101/entry_20260704_101304.jpg
2026-07-04,Batch_102,entry_20260704_114936.jpg,20260704,114936,82.1,/Users/bhushan/Downloads/dde2a01c-4ab7-4fdc-ab3d-2fd7819b05ef/2026_Organized/2026-07-04/Batch_102/entry_20260704_114936.jpg
2026-07-04,Batch_102,entry_20260704_115225.jpg,20260704,115225,86.39,/Users/bhushan/Downloads/dde2a01c-4ab7-4fdc-ab3d-2fd7819b05ef/2026_Organized/2026-07-04/Batch_102/entry_20260704_115225.jpg
2026-07-04,Batch_102,entry_20260704_123731.jpg,20260704,123731,63.03,/Users/bhushan/Downloads/dde2a01c-4ab7-4fdc-ab3d-2fd7819b05ef/2026_Organized/2026-07-04/Batch_102/entry_20260704_123731.jpg
2026-07-04,Batch_102,entry_20260704_123525.jpg,20260704,123525,99.5,/Users/bhushan/Downloads/dde2a01c-4ab7-4fdc-ab3d-2fd7819b05ef/2026_Organized/2026-07-04/Batch_102/entry_20260704_123525.jpg
2026-07-04,Batch_102,entry_20260704_121649.jpg,20260704,121649,93.12,/Users/bhushan/Downloads/dde2a01c-4ab7-4fdc-ab3d-2fd7819b05ef/2026_Organized/2026-07-04/Batch_102/entry_20260704_121649.jpg
2026-07-04,Batch_102,entry_20260704_122544.jpg,20260704,122544,95.23,/Users/bhushan/Downloads/dde2a01c-4ab7-4fdc-ab3d-2fd7819b05ef/2026_Organized/2026-07-04/Batch_102/entry_20260704_122544.jpg
2026-07-04,Batch_102,entry_20260704_123502.jpg,20260704,123502,86.38,/Users/bhushan/Downloads/dde2a01c-4ab7-4fdc-ab3d-2fd7819b05ef/2026_Organized/2026-07-04/Batch_102/entry_20260704_123502.jpg
2026-07-04,Batch_102,entry_20260704_124222.jpg,20260704,124222,96.24,/Users/bhushan/Downloads/dde2a01c-4ab7-4fdc-ab3d-2fd7819b05ef/2026_Organized/2026-07-04/Batch_102/entry_20260704_124222.jpg
2026-07-04,Batch_102,entry_20260704_123610.jpg,20260704,123610,85.68,/Users/bhushan/Downloads/dde2a01c-4ab7-4fdc-ab3d-2fd7819b05ef/2026_Organized/2026-07-04/Batch_102/entry_20260704_123610.jpg
2026-07-04,Batch_102,entry_20260704_124350.jpg,20260704,124350,91.42,/Users/bhushan/Downloads/dde2a01c-4ab7-4fdc-ab3d-2fd7819b05ef/2026_Organized/2026-07-04/Batch_102/entry_20260704_124350.jpg
2026-07-04,Batch_102,entry_20260704_124030.jpg,20260704,124030,91.96,/Users/bhushan/Downloads/dde2a01c-4ab7-4fdc-ab3d-2fd7819b05ef/2026_Organized/2026-07-04/Batch_102/entry_20260704_124030.jpg
2026-07-04,Batch_102,entry_20260704_124150.jpg,20260704,124150,90.75,/Users/bhushan/Downloads/dde2a01c-4ab7-4fdc-ab3d-2fd7819b05ef/2026_Organized/2026-07-04/Batch_102/entry_20260704_124150.jpg
2026-07-04,Batch_104,entry_20260704_154725.jpg,20260704,154725,78.66,/Users/bhushan/Downloads/dde2a01c-4ab7-4fdc-ab3d-2fd7819b05ef/2026_Organized/2026-07-04/Batch_104/entry_20260704_154725.jpg
2026-07-04,Batch_104,entry_20260704_165512.jpg,20260704,165512,98.51,/Users/bhushan/Downloads/dde2a01c-4ab7-4fdc-ab3d-2fd7819b05ef/2026_Organized/2026-07-04/Batch_104/entry_20260704_165512.jpg
2026-07-04,Batch_104,entry_20260704_154917.jpg,20260704,154917,97.28,/Users/bhushan/Downloads/dde2a01c-4ab7-4fdc-ab3d-2fd7819b05ef/2026_Organized/2026-07-04/Batch_104/entry_20260704_154917.jpg
2026-07-04,Batch_104,entry_20260704_170141.jpg,20260704,170141,93.84,/Users/bhushan/Downloads/dde2a01c-4ab7-4fdc-ab3d-2fd7819b05ef/2026_Organized/2026-07-04/Batch_104/entry_20260704_170141.jpg
2026-07-04,Batch_104,entry_20260704_155104.jpg,20260704,155104,85.87,/Users/bhushan/Downloads/dde2a01c-4ab7-4fdc-ab3d-2fd7819b05ef/2026_Organized/2026-07-04/Batch_104/entry_20260704_155104.jpg
2026-07-04,Batch_104,entry_20260704_154754.jpg,20260704,154754,94.48,/Users/bhushan/Downloads/dde2a01c-4ab7-4fdc-ab3d-2fd7819b05ef/2026_Organized/2026-07-04/Batch_104/entry_20260704_154754.jpg
2026-07-04,Batch_104,entry_20260704_165619.jpg,20260704,165619,96.83,/Users/bhushan/Downloads/dde2a01c-4ab7-4fdc-ab3d-2fd7819b05ef/2026_Organized/2026-07-04/Batch_104/entry_20260704_165619.jpg
2026-07-04,Batch_104,entry_20260704_170202.jpg,20260704,170202,87.79,/Users/bhushan/Downloads/dde2a01c-4ab7-4fdc-ab3d-2fd7819b05ef/2026_Organized/2026-07-04/Batch_104/entry_20260704_170202.jpg
2026-07-04,Batch_104,entry_20260704_154809.jpg,20260704,154809,97.41,/Users/bhushan/Downloads/dde2a01c-4ab7-4fdc-ab3d-2fd7819b05ef/2026_Organized/2026-07-04/Batch_104/entry_20260704_154809.jpg
2026-07-04,Batch_104,entry_20260704_170249.jpg,20260704,170249,88.34,/Users/bhushan/Downloads/dde2a01c-4ab7-4fdc-ab3d-2fd7819b05ef/2026_Organized/2026-07-04/Batch_104/entry_20260704_170249.jpg
2026-07-04,Batch_104,entry_20260704_160517.jpg,20260704,160517,87.79,/Users/bhushan/Downloads/dde2a01c-4ab7-4fdc-ab3d-2fd7819b05ef/2026_Organized/2026-07-04/Batch_104/entry_20260704_160517.jpg
2026-07-04,Batch_104,entry_20260704_155023.jpg,20260704,155023,92.43,/Users/bhushan/Downloads/dde2a01c-4ab7-4fdc-ab3d-2fd7819b05ef/2026_Organized/2026-07-04/Batch_104/entry_20260704_155023.jpg
2026-07-04,Batch_104,entry_20260704_165731.jpg,20260704,165731,88.49,/Users/bhushan/Downloads/dde2a01c-4ab7-4fdc-ab3d-2fd7819b05ef/2026_Organized/2026-07-04/Batch_104/entry_20260704_165731.jpg
2026-07-04,Batch_104,entry_20260704_154739.jpg,20260704,154739,92.98,/Users/bhushan/Downloads/dde2a01c-4ab7-4fdc-ab3d-2fd7819b05ef/2026_Organized/2026-07-04/Batch_104/entry_20260704_154739.jpg
2026-07-04,Batch_104,entry_20260704_155144.jpg,20260704,155144,92.32,/Users/bhushan/Downloads/dde2a01c-4ab7-4fdc-ab3d-2fd7819b05ef/2026_Organized/2026-07-04/Batch_104/entry_20260704_155144.jpg
2026-07-04,Batch_104,entry_20260704_155636.jpg,20260704,155636,97.78,/Users/bhushan/Downloads/dde2a01c-4ab7-4fdc-ab3d-2fd7819b05ef/2026_Organized/2026-07-04/Batch_104/entry_20260704_155636.jpg
2026-07-04,Batch_104,entry_20260704_165643.jpg,20260704,165643,92.21,/Users/bhushan/Downloads/dde2a01c-4ab7-4fdc-ab3d-2fd7819b05ef/2026_Organized/2026-07-04/Batch_104/entry_20260704_165643.jpg
2026-07-04,Batch_104,entry_20260704_165858.jpg,20260704,165858,91.2,/Users/bhushan/Downloads/dde2a01c-4ab7-4fdc-ab3d-2fd7819b05ef/2026_Organized/2026-07-04/Batch_104/entry_20260704_165858.jpg
2026-07-06,Batch_201,entry_20260706_093145.jpg,20260706,093145,95.66,/Users/bhushan/Downloads/dde2a01c-4ab7-4fdc-ab3d-2fd7819b05ef/2026_Organized/2026-07-06/Batch_201/entry_20260706_093145.jpg
2026-07-06,Batch_201,entry_20260706_094213.jpg,20260706,094213,85.12,/Users/bhushan/Downloads/dde2a01c-4ab7-4fdc-ab3d-2fd7819b05ef/2026_Organized/2026-07-06/Batch_201/entry_20260706_094213.jpg
2026-07-06,Batch_201,entry_20260706_094617.jpg,20260706,094617,90.83,/Users/bhushan/Downloads/dde2a01c-4ab7-4fdc-ab3d-2fd7819b05ef/2026_Organized/2026-07-06/Batch_201/entry_20260706_094617.jpg
2026-07-06,Batch_201,entry_20260706_094759.jpg,20260706,094759,97.98,/Users/bhushan/Downloads/dde2a01c-4ab7-4fdc-ab3d-2fd7819b05ef/2026_Organized/2026-07-06/Batch_201/entry_20260706_094759.jpg
2026-07-06,Batch_201,entry_20260706_092600.jpg,20260706,092600,89.0,/Users/bhushan/Downloads/dde2a01c-4ab7-4fdc-ab3d-2fd7819b05ef/2026_Organized/2026-07-06/Batch_201/entry_20260706_092600.jpg
2026-07-06,Batch_201,entry_20260706_094728.jpg,20260706,094728,88.71,/Users/bhushan/Downloads/dde2a01c-4ab7-4fdc-ab3d-2fd7819b05ef/2026_Organized/2026-07-06/Batch_201/entry_20260706_094728.jpg
2026-07-06,Batch_201,entry_20260706_093910.jpg,20260706,093910,95.01,/Users/bhushan/Downloads/dde2a01c-4ab7-4fdc-ab3d-2fd7819b05ef/2026_Organized/2026-07-06/Batch_201/entry_20260706_093910.jpg
2026-07-06,Batch_201,entry_20260706_093727.jpg,20260706,093727,90.8,/Users/bhushan/Downloads/dde2a01c-4ab7-4fdc-ab3d-2fd7819b05ef/2026_Organized/2026-07-06/Batch_201/entry_20260706_093727.jpg
2026-07-06,Batch_201,entry_20260706_093532.jpg,20260706,093532,89.49,/Users/bhushan/Downloads/dde2a01c-4ab7-4fdc-ab3d-2fd7819b05ef/2026_Organized/2026-07-06/Batch_201/entry_20260706_093532.jpg
2026-07-06,Batch_201,entry_20260706_092016.jpg,20260706,092016,95.12,/Users/bhushan/Downloads/dde2a01c-4ab7-4fdc-ab3d-2fd7819b05ef/2026_Organized/2026-07-06/Batch_201/entry_20260706_092016.jpg
2026-07-06,Batch_201,entry_20260706_092740.jpg,20260706,092740,83.07,/Users/bhushan/Downloads/dde2a01c-4ab7-4fdc-ab3d-2fd7819b05ef/2026_Organized/2026-07-06/Batch_201/entry_20260706_092740.jpg
2026-07-06,Batch_201,entry_20260706_094653.jpg,20260706,094653,91.39,/Users/bhushan/Downloads/dde2a01c-4ab7-4fdc-ab3d-2fd7819b05ef/2026_Organized/2026-07-06/Batch_201/entry_20260706_094653.jpg
2026-07-06,Batch_201,entry_20260706_093214.jpg,20260706,093214,89.37,/Users/bhushan/Downloads/dde2a01c-4ab7-4fdc-ab3d-2fd7819b05ef/2026_Organized/2026-07-06/Batch_201/entry_20260706_093214.jpg
2026-07-06,Batch_201,entry_20260706_093942.jpg,20260706,093942,95.28,/Users/bhushan/Downloads/dde2a01c-4ab7-4fdc-ab3d-2fd7819b05ef/2026_Organized/2026-07-06/Batch_201/entry_20260706_093942.jpg
2026-07-06,Batch_201,entry_20260706_093605.jpg,20260706,093605,93.52,/Users/bhushan/Downloads/dde2a01c-4ab7-4fdc-ab3d-2fd7819b05ef/2026_Organized/2026-07-06/Batch_201/entry_20260706_093605.jpg
2026-07-06,Batch_201,entry_20260706_094140.jpg,20260706,094140,93.81,/Users/bhushan/Downloads/dde2a01c-4ab7-4fdc-ab3d-2fd7819b05ef/2026_Organized/2026-07-06/Batch_201/entry_20260706_094140.jpg
2026-07-06,Batch_201,entry_20260706_091950.jpg,20260706,091950,90.14,/Users/bhushan/Downloads/dde2a01c-4ab7-4fdc-ab3d-2fd7819b05ef/2026_Organized/2026-07-06/Batch_201/entry_20260706_091950.jpg
2026-07-06,Batch_202,entry_20260706_114404.jpg,20260706,114404,92.19,/Users/bhushan/Downloads/dde2a01c-4ab7-4fdc-ab3d-2fd7819b05ef/2026_Organized/2026-07-06/Batch_202/entry_20260706_114404.jpg
2026-07-06,Batch_202,entry_20260706_114216.jpg,20260706,114216,87.7,/Users/bhushan/Downloads/dde2a01c-4ab7-4fdc-ab3d-2fd7819b05ef/2026_Organized/2026-07-06/Batch_202/entry_20260706_114216.jpg
2026-07-06,Batch_202,entry_20260706_115508.jpg,20260706,115508,96.29,/Users/bhushan/Downloads/dde2a01c-4ab7-4fdc-ab3d-2fd7819b05ef/2026_Organized/2026-07-06/Batch_202/entry_20260706_115508.jpg
2026-07-06,Batch_202,entry_20260706_114415.jpg,20260706,114415,91.81,/Users/bhushan/Downloads/dde2a01c-4ab7-4fdc-ab3d-2fd7819b05ef/2026_Organized/2026-07-06/Batch_202/entry_20260706_114415.jpg
2026-07-06,Batch_202,entry_20260706_114629.jpg,20260706,114629,90.42,/Users/bhushan/Downloads/dde2a01c-4ab7-4fdc-ab3d-2fd7819b05ef/2026_Organized/2026-07-06/Batch_202/entry_20260706_114629.jpg
2026-07-06,Batch_202,entry_20260706_114513.jpg,20260706,114513,88.96,/Users/bhushan/Downloads/dde2a01c-4ab7-4fdc-ab3d-2fd7819b05ef/2026_Organized/2026-07-06/Batch_202/entry_20260706_114513.jpg
2026-07-06,Batch_202,entry_20260706_114310.jpg,20260706,114310,99.34,/Users/bhushan/Downloads/dde2a01c-4ab7-4fdc-ab3d-2fd7819b05ef/2026_Organized/2026-07-06/Batch_202/entry_20260706_114310.jpg
2026-07-06,Batch_202,entry_20260706_114258.jpg,20260706,114258,85.04,/Users/bhushan/Downloads/dde2a01c-4ab7-4fdc-ab3d-2fd7819b05ef/2026_Organized/2026-07-06/Batch_202/entry_20260706_114258.jpg
2026-07-06,Batch_202,entry_20260706_114500.jpg,20260706,114500,97.96,/Users/bhushan/Downloads/dde2a01c-4ab7-4fdc-ab3d-2fd7819b05ef/2026_Organized/2026-07-06/Batch_202/entry_20260706_114500.jpg
2026-07-06,Batch_202,entry_20260706_115148.jpg,20260706,115148,98.97,/Users/bhushan/Downloads/dde2a01c-4ab7-4fdc-ab3d-2fd7819b05ef/2026_Organized/2026-07-06/Batch_202/entry_20260706_115148.jpg
2026-07-06,Batch_202,entry_20260706_120250.jpg,20260706,120250,99.1,/Users/bhushan/Downloads/dde2a01c-4ab7-4fdc-ab3d-2fd7819b05ef/2026_Organized/2026-07-06/Batch_202/entry_20260706_120250.jpg
2026-07-06,Batch_202,entry_20260706_114118.jpg,20260706,114118,86.87,/Users/bhushan/Downloads/dde2a01c-4ab7-4fdc-ab3d-2fd7819b05ef/2026_Organized/2026-07-06/Batch_202/entry_20260706_114118.jpg
2026-07-06,Batch_202,entry_20260706_114751.jpg,20260706,114751,99.51,/Users/bhushan/Downloads/dde2a01c-4ab7-4fdc-ab3d-2fd7819b05ef/2026_Organized/2026-07-06/Batch_202/entry_20260706_114751.jpg
2026-07-06,Batch_202,entry_20260706_114352.jpg,20260706,114352,94.67,/Users/bhushan/Downloads/dde2a01c-4ab7-4fdc-ab3d-2fd7819b05ef/2026_Organized/2026-07-06/Batch_202/entry_20260706_114352.jpg
2026-07-06,Batch_202,entry_20260706_115312.jpg,20260706,115312,92.48,/Users/bhushan/Downloads/dde2a01c-4ab7-4fdc-ab3d-2fd7819b05ef/2026_Organized/2026-07-06/Batch_202/entry_20260706_115312.jpg
2026-07-06,Batch_202,entry_20260706_114226.jpg,20260706,114226,83.78,/Users/bhushan/Downloads/dde2a01c-4ab7-4fdc-ab3d-2fd7819b05ef/2026_Organized/2026-07-06/Batch_202/entry_20260706_114226.jpg
2026-07-06,Batch_202,entry_20260706_114026.jpg,20260706,114026,94.97,/Users/bhushan/Downloads/dde2a01c-4ab7-4fdc-ab3d-2fd7819b05ef/2026_Organized/2026-07-06/Batch_202/entry_20260706_114026.jpg
2026-07-06,Batch_203,entry_20260706_134855.jpg,20260706,134855,93.54,/Users/bhushan/Downloads/dde2a01c-4ab7-4fdc-ab3d-2fd7819b05ef/2026_Organized/2026-07-06/Batch_203/entry_20260706_134855.jpg
2026-07-06,Batch_203,entry_20260706_135544.jpg,20260706,135544,77.22,/Users/bhushan/Downloads/dde2a01c-4ab7-4fdc-ab3d-2fd7819b05ef/2026_Organized/2026-07-06/Batch_203/entry_20260706_135544.jpg
2026-07-06,Batch_203,entry_20260706_140053.jpg,20260706,140053,90.28,/Users/bhushan/Downloads/dde2a01c-4ab7-4fdc-ab3d-2fd7819b05ef/2026_Organized/2026-07-06/Batch_203/entry_20260706_140053.jpg
2026-07-06,Batch_203,entry_20260706_135124.jpg,20260706,135124,95.94,/Users/bhushan/Downloads/dde2a01c-4ab7-4fdc-ab3d-2fd7819b05ef/2026_Organized/2026-07-06/Batch_203/entry_20260706_135124.jpg
2026-07-06,Batch_203,entry_20260706_135327.jpg,20260706,135327,91.43,/Users/bhushan/Downloads/dde2a01c-4ab7-4fdc-ab3d-2fd7819b05ef/2026_Organized/2026-07-06/Batch_203/entry_20260706_135327.jpg
2026-07-06,Batch_203,entry_20260706_135904.jpg,20260706,135904,89.69,/Users/bhushan/Downloads/dde2a01c-4ab7-4fdc-ab3d-2fd7819b05ef/2026_Organized/2026-07-06/Batch_203/entry_20260706_135904.jpg
2026-07-06,Batch_203,entry_20260706_135457.jpg,20260706,135457,88.11,/Users/bhushan/Downloads/dde2a01c-4ab7-4fdc-ab3d-2fd7819b05ef/2026_Organized/2026-07-06/Batch_203/entry_20260706_135457.jpg
2026-07-06,Batch_203,entry_20260706_140146.jpg,20260706,140146,99.57,/Users/bhushan/Downloads/dde2a01c-4ab7-4fdc-ab3d-2fd7819b05ef/2026_Organized/2026-07-06/Batch_203/entry_20260706_140146.jpg
2026-07-06,Batch_203,entry_20260706_134758.jpg,20260706,134758,89.66,/Users/bhushan/Downloads/dde2a01c-4ab7-4fdc-ab3d-2fd7819b05ef/2026_Organized/2026-07-06/Batch_203/entry_20260706_134758.jpg
2026-07-06,Batch_203,entry_20260706_135334.jpg,20260706,135334,97.05,/Users/bhushan/Downloads/dde2a01c-4ab7-4fdc-ab3d-2fd7819b05ef/2026_Organized/2026-07-06/Batch_203/entry_20260706_135334.jpg
2026-07-06,Batch_203,entry_20260706_134559.jpg,20260706,134559,93.94,/Users/bhushan/Downloads/dde2a01c-4ab7-4fdc-ab3d-2fd7819b05ef/2026_Organized/2026-07-06/Batch_203/entry_20260706_134559.jpg
2026-07-06,Batch_203,entry_20260706_135915.jpg,20260706,135915,90.88,/Users/bhushan/Downloads/dde2a01c-4ab7-4fdc-ab3d-2fd7819b05ef/2026_Organized/2026-07-06/Batch_203/entry_20260706_135915.jpg
2026-07-06,Batch_203,entry_20260706_135110.jpg,20260706,135110,90.26,/Users/bhushan/Downloads/dde2a01c-4ab7-4fdc-ab3d-2fd7819b05ef/2026_Organized/2026-07-06/Batch_203/entry_20260706_135110.jpg
2026-07-06,Batch_203,entry_20260706_135738.jpg,20260706,135738,88.25,/Users/bhushan/Downloads/dde2a01c-4ab7-4fdc-ab3d-2fd7819b05ef/2026_Organized/2026-07-06/Batch_203/entry_20260706_135738.jpg
2026-07-06,Batch_203,entry_20260706_140004.jpg,20260706,140004,91.14,/Users/bhushan/Downloads/dde2a01c-4ab7-4fdc-ab3d-2fd7819b05ef/2026_Organized/2026-07-06/Batch_203/entry_20260706_140004.jpg
2026-07-06,Batch_203,entry_20260706_135505.jpg,20260706,135505,98.5,/Users/bhushan/Downloads/dde2a01c-4ab7-4fdc-ab3d-2fd7819b05ef/2026_Organized/2026-07-06/Batch_203/entry_20260706_135505.jpg
2026-07-06,Batch_203,entry_20260706_135825.jpg,20260706,135825,98.34,/Users/bhushan/Downloads/dde2a01c-4ab7-4fdc-ab3d-2fd7819b05ef/2026_Organized/2026-07-06/Batch_203/entry_20260706_135825.jpg
2026-07-06,Batch_203,entry_20260706_134726.jpg,20260706,134726,90.64,/Users/bhushan/Downloads/dde2a01c-4ab7-4fdc-ab3d-2fd7819b05ef/2026_Organized/2026-07-06/Batch_203/entry_20260706_134726.jpg
2026-07-06,Batch_203,entry_20260706_135410.jpg,20260706,135410,87.96,/Users/bhushan/Downloads/dde2a01c-4ab7-4fdc-ab3d-2fd7819b05ef/2026_Organized/2026-07-06/Batch_203/entry_20260706_135410.jpg
2026-07-06,Batch_203,entry_20260706_135203.jpg,20260706,135203,92.99,/Users/bhushan/Downloads/dde2a01c-4ab7-4fdc-ab3d-2fd7819b05ef/2026_Organized/2026-07-06/Batch_203/entry_20260706_135203.jpg
2026-07-06,Batch_203,entry_20260706_135228.jpg,20260706,135228,91.87,/Users/bhushan/Downloads/dde2a01c-4ab7-4fdc-ab3d-2fd7819b05ef/2026_Organized/2026-07-06/Batch_203/entry_20260706_135228.jpg
2026-07-06,Batch_204,entry_20260706_161714.jpg,20260706,161714,95.67,/Users/bhushan/Downloads/dde2a01c-4ab7-4fdc-ab3d-2fd7819b05ef/2026_Organized/2026-07-06/Batch_204/entry_20260706_161714.jpg
2026-07-06,Batch_204,entry_20260706_162750.jpg,20260706,162750,86.47,/Users/bhushan/Downloads/dde2a01c-4ab7-4fdc-ab3d-2fd7819b05ef/2026_Organized/2026-07-06/Batch_204/entry_20260706_162750.jpg
2026-07-06,Batch_204,entry_20260706_161110.jpg,20260706,161110,95.74,/Users/bhushan/Downloads/dde2a01c-4ab7-4fdc-ab3d-2fd7819b05ef/2026_Organized/2026-07-06/Batch_204/entry_20260706_161110.jpg
2026-07-06,Batch_204,entry_20260706_160829.jpg,20260706,160829,95.34,/Users/bhushan/Downloads/dde2a01c-4ab7-4fdc-ab3d-2fd7819b05ef/2026_Organized/2026-07-06/Batch_204/entry_20260706_160829.jpg
2026-07-06,Batch_204,entry_20260706_161429.jpg,20260706,161429,92.42,/Users/bhushan/Downloads/dde2a01c-4ab7-4fdc-ab3d-2fd7819b05ef/2026_Organized/2026-07-06/Batch_204/entry_20260706_161429.jpg
2026-07-06,Batch_204,entry_20260706_161825.jpg,20260706,161825,93.48,/Users/bhushan/Downloads/dde2a01c-4ab7-4fdc-ab3d-2fd7819b05ef/2026_Organized/2026-07-06/Batch_204/entry_20260706_161825.jpg
2026-07-06,Batch_204,entry_20260706_162046.jpg,20260706,162046,87.03,/Users/bhushan/Downloads/dde2a01c-4ab7-4fdc-ab3d-2fd7819b05ef/2026_Organized/2026-07-06/Batch_204/entry_20260706_162046.jpg
2026-07-06,Batch_204,entry_20260706_161200.jpg,20260706,161200,92.17,/Users/bhushan/Downloads/dde2a01c-4ab7-4fdc-ab3d-2fd7819b05ef/2026_Organized/2026-07-06/Batch_204/entry_20260706_161200.jpg
2026-07-06,Batch_204,entry_20260706_160903.jpg,20260706,160903,86.56,/Users/bhushan/Downloads/dde2a01c-4ab7-4fdc-ab3d-2fd7819b05ef/2026_Organized/2026-07-06/Batch_204/entry_20260706_160903.jpg
2026-07-06,Batch_204,entry_20260706_161607.jpg,20260706,161607,97.65,/Users/bhushan/Downloads/dde2a01c-4ab7-4fdc-ab3d-2fd7819b05ef/2026_Organized/2026-07-06/Batch_204/entry_20260706_161607.jpg
2026-07-06,Batch_204,entry_20260706_162454.jpg,20260706,162454,66.24,/Users/bhushan/Downloads/dde2a01c-4ab7-4fdc-ab3d-2fd7819b05ef/2026_Organized/2026-07-06/Batch_204/entry_20260706_162454.jpg
2026-07-06,Batch_204,entry_20260706_162926.jpg,20260706,162926,97.05,/Users/bhushan/Downloads/dde2a01c-4ab7-4fdc-ab3d-2fd7819b05ef/2026_Organized/2026-07-06/Batch_204/entry_20260706_162926.jpg
2026-07-06,Batch_204,entry_20260706_162844.jpg,20260706,162844,92.3,/Users/bhushan/Downloads/dde2a01c-4ab7-4fdc-ab3d-2fd7819b05ef/2026_Organized/2026-07-06/Batch_204/entry_20260706_162844.jpg
2026-07-06,Batch_204,entry_20260706_162823.jpg,20260706,162823,87.98,/Users/bhushan/Downloads/dde2a01c-4ab7-4fdc-ab3d-2fd7819b05ef/2026_Organized/2026-07-06/Batch_204/entry_20260706_162823.jpg
2026-07-06,Batch_204,entry_20260706_161523.jpg,20260706,161523,83.28,/Users/bhushan/Downloads/dde2a01c-4ab7-4fdc-ab3d-2fd7819b05ef/2026_Organized/2026-07-06/Batch_204/entry_20260706_161523.jpg
2026-07-06,Batch_204,entry_20260706_162228.jpg,20260706,162228,89.4,/Users/bhushan/Downloads/dde2a01c-4ab7-4fdc-ab3d-2fd7819b05ef/2026_Organized/2026-07-06/Batch_204/entry_20260706_162228.jpg
2026-07-06,Batch_204,entry_20260706_161939.jpg,20260706,161939,85.86,/Users/bhushan/Downloads/dde2a01c-4ab7-4fdc-ab3d-2fd7819b05ef/2026_Organized/2026-07-06/Batch_204/entry_20260706_161939.jpg
2026-07-06,Batch_204,entry_20260706_162000.jpg,20260706,162000,86.82,/Users/bhushan/Downloads/dde2a01c-4ab7-4fdc-ab3d-2fd7819b05ef/2026_Organized/2026-07-06/Batch_204/entry_20260706_162000.jpg
2026-07-06,Batch_204,entry_20260706_161726.jpg,20260706,161726,79.03,/Users/bhushan/Downloads/dde2a01c-4ab7-4fdc-ab3d-2fd7819b05ef/2026_Organized/2026-07-06/Batch_204/entry_20260706_161726.jpg
2026-07-06,Batch_204,entry_20260706_162205.jpg,20260706,162205,97.52,/Users/bhushan/Downloads/dde2a01c-4ab7-4fdc-ab3d-2fd7819b05ef/2026_Organized/2026-07-06/Batch_204/entry_20260706_162205.jpg
2026-07-07,Batch_301,entry_20260707_101113.jpg,20260707,101113,85.46,/Users/bhushan/Downloads/dde2a01c-4ab7-4fdc-ab3d-2fd7819b05ef/2026_Organized/2026-07-07/Batch_301/entry_20260707_101113.jpg
2026-07-07,Batch_301,entry_20260707_094126.jpg,20260707,094126,87.11,/Users/bhushan/Downloads/dde2a01c-4ab7-4fdc-ab3d-2fd7819b05ef/2026_Organized/2026-07-07/Batch_301/entry_20260707_094126.jpg
2026-07-07,Batch_301,entry_20260707_095950.jpg,20260707,095950,93.25,/Users/bhushan/Downloads/dde2a01c-4ab7-4fdc-ab3d-2fd7819b05ef/2026_Organized/2026-07-07/Batch_301/entry_20260707_095950.jpg
2026-07-07,Batch_301,entry_20260707_093851.jpg,20260707,093851,97.03,/Users/bhushan/Downloads/dde2a01c-4ab7-4fdc-ab3d-2fd7819b05ef/2026_Organized/2026-07-07/Batch_301/entry_20260707_093851.jpg
2026-07-07,Batch_301,entry_20260707_094426.jpg,20260707,094426,93.18,/Users/bhushan/Downloads/dde2a01c-4ab7-4fdc-ab3d-2fd7819b05ef/2026_Organized/2026-07-07/Batch_301/entry_20260707_094426.jpg
2026-07-07,Batch_301,entry_20260707_102043.jpg,20260707,102043,94.72,/Users/bhushan/Downloads/dde2a01c-4ab7-4fdc-ab3d-2fd7819b05ef/2026_Organized/2026-07-07/Batch_301/entry_20260707_102043.jpg
2026-07-07,Batch_301,entry_20260707_094035.jpg,20260707,094035,96.94,/Users/bhushan/Downloads/dde2a01c-4ab7-4fdc-ab3d-2fd7819b05ef/2026_Organized/2026-07-07/Batch_301/entry_20260707_094035.jpg
2026-07-07,Batch_301,entry_20260707_095139.jpg,20260707,095139,89.16,/Users/bhushan/Downloads/dde2a01c-4ab7-4fdc-ab3d-2fd7819b05ef/2026_Organized/2026-07-07/Batch_301/entry_20260707_095139.jpg
2026-07-07,Batch_301,entry_20260707_093751.jpg,20260707,093751,86.25,/Users/bhushan/Downloads/dde2a01c-4ab7-4fdc-ab3d-2fd7819b05ef/2026_Organized/2026-07-07/Batch_301/entry_20260707_093751.jpg
2026-07-07,Batch_301,entry_20260707_094406.jpg,20260707,094406,89.9,/Users/bhushan/Downloads/dde2a01c-4ab7-4fdc-ab3d-2fd7819b05ef/2026_Organized/2026-07-07/Batch_301/entry_20260707_094406.jpg
2026-07-07,Batch_301,entry_20260707_093817.jpg,20260707,093817,94.54,/Users/bhushan/Downloads/dde2a01c-4ab7-4fdc-ab3d-2fd7819b05ef/2026_Organized/2026-07-07/Batch_301/entry_20260707_093817.jpg
2026-07-07,Batch_301,entry_20260707_095737.jpg,20260707,095737,99.81,/Users/bhushan/Downloads/dde2a01c-4ab7-4fdc-ab3d-2fd7819b05ef/2026_Organized/2026-07-07/Batch_301/entry_20260707_095737.jpg
2026-07-07,Batch_301,entry_20260707_095800.jpg,20260707,095800,89.12,/Users/bhushan/Downloads/dde2a01c-4ab7-4fdc-ab3d-2fd7819b05ef/2026_Organized/2026-07-07/Batch_301/entry_20260707_095800.jpg
2026-07-07,Batch_301,entry_20260707_094317.jpg,20260707,094317,94.5,/Users/bhushan/Downloads/dde2a01c-4ab7-4fdc-ab3d-2fd7819b05ef/2026_Organized/2026-07-07/Batch_301/entry_20260707_094317.jpg
2026-07-07,Batch_301,entry_20260707_094101.jpg,20260707,094101,86.21,/Users/bhushan/Downloads/dde2a01c-4ab7-4fdc-ab3d-2fd7819b05ef/2026_Organized/2026-07-07/Batch_301/entry_20260707_094101.jpg
2026-07-07,Batch_301,entry_20260707_094843.jpg,20260707,094843,90.94,/Users/bhushan/Downloads/dde2a01c-4ab7-4fdc-ab3d-2fd7819b05ef/2026_Organized/2026-07-07/Batch_301/entry_20260707_094843.jpg
2026-07-07,Batch_301,entry_20260707_100612.jpg,20260707,100612,85.6,/Users/bhushan/Downloads/dde2a01c-4ab7-4fdc-ab3d-2fd7819b05ef/2026_Organized/2026-07-07/Batch_301/entry_20260707_100612.jpg
2026-07-07,Batch_301,entry_20260707_100015.jpg,20260707,100015,94.48,/Users/bhushan/Downloads/dde2a01c-4ab7-4fdc-ab3d-2fd7819b05ef/2026_Organized/2026-07-07/Batch_301/entry_20260707_100015.jpg
2026-07-07,Batch_301,entry_20260707_095636.jpg,20260707,095636,99.28,/Users/bhushan/Downloads/dde2a01c-4ab7-4fdc-ab3d-2fd7819b05ef/2026_Organized/2026-07-07/Batch_301/entry_20260707_095636.jpg
2026-07-07,Batch_301,entry_20260707_095025.jpg,20260707,095025,98.01,/Users/bhushan/Downloads/dde2a01c-4ab7-4fdc-ab3d-2fd7819b05ef/2026_Organized/2026-07-07/Batch_301/entry_20260707_095025.jpg
2026-07-07,Batch_302,entry_20260707_113304.jpg,20260707,113304,92.72,/Users/bhushan/Downloads/dde2a01c-4ab7-4fdc-ab3d-2fd7819b05ef/2026_Organized/2026-07-07/Batch_302/entry_20260707_113304.jpg
2026-07-07,Batch_302,entry_20260707_112805.jpg,20260707,112805,92.61,/Users/bhushan/Downloads/dde2a01c-4ab7-4fdc-ab3d-2fd7819b05ef/2026_Organized/2026-07-07/Batch_302/entry_20260707_112805.jpg
2026-07-07,Batch_302,entry_20260707_113924.jpg,20260707,113924,93.39,/Users/bhushan/Downloads/dde2a01c-4ab7-4fdc-ab3d-2fd7819b05ef/2026_Organized/2026-07-07/Batch_302/entry_20260707_113924.jpg
2026-07-07,Batch_302,entry_20260707_114454.jpg,20260707,114454,92.7,/Users/bhushan/Downloads/dde2a01c-4ab7-4fdc-ab3d-2fd7819b05ef/2026_Organized/2026-07-07/Batch_302/entry_20260707_114454.jpg
2026-07-07,Batch_302,entry_20260707_113328.jpg,20260707,113328,92.97,/Users/bhushan/Downloads/dde2a01c-4ab7-4fdc-ab3d-2fd7819b05ef/2026_Organized/2026-07-07/Batch_302/entry_20260707_113328.jpg
2026-07-07,Batch_302,entry_20260707_114346.jpg,20260707,114346,84.98,/Users/bhushan/Downloads/dde2a01c-4ab7-4fdc-ab3d-2fd7819b05ef/2026_Organized/2026-07-07/Batch_302/entry_20260707_114346.jpg
2026-07-07,Batch_302,entry_20260707_112904.jpg,20260707,112904,90.12,/Users/bhushan/Downloads/dde2a01c-4ab7-4fdc-ab3d-2fd7819b05ef/2026_Organized/2026-07-07/Batch_302/entry_20260707_112904.jpg
2026-07-07,Batch_302,entry_20260707_112709.jpg,20260707,112709,94.86,/Users/bhushan/Downloads/dde2a01c-4ab7-4fdc-ab3d-2fd7819b05ef/2026_Organized/2026-07-07/Batch_302/entry_20260707_112709.jpg
2026-07-07,Batch_302,entry_20260707_113416.jpg,20260707,113416,97.58,/Users/bhushan/Downloads/dde2a01c-4ab7-4fdc-ab3d-2fd7819b05ef/2026_Organized/2026-07-07/Batch_302/entry_20260707_113416.jpg
2026-07-07,Batch_302,entry_20260707_112644.jpg,20260707,112644,87.84,/Users/bhushan/Downloads/dde2a01c-4ab7-4fdc-ab3d-2fd7819b05ef/2026_Organized/2026-07-07/Batch_302/entry_20260707_112644.jpg
2026-07-07,Batch_302,entry_20260707_113822.jpg,20260707,113822,84.91,/Users/bhushan/Downloads/dde2a01c-4ab7-4fdc-ab3d-2fd7819b05ef/2026_Organized/2026-07-07/Batch_302/entry_20260707_113822.jpg
2026-07-07,Batch_302,entry_20260707_113613.jpg,20260707,113613,93.34,/Users/bhushan/Downloads/dde2a01c-4ab7-4fdc-ab3d-2fd7819b05ef/2026_Organized/2026-07-07/Batch_302/entry_20260707_113613.jpg
2026-07-07,Batch_302,entry_20260707_114418.jpg,20260707,114418,93.73,/Users/bhushan/Downloads/dde2a01c-4ab7-4fdc-ab3d-2fd7819b05ef/2026_Organized/2026-07-07/Batch_302/entry_20260707_114418.jpg
2026-07-07,Batch_302,entry_20260707_113014.jpg,20260707,113014,88.3,/Users/bhushan/Downloads/dde2a01c-4ab7-4fdc-ab3d-2fd7819b05ef/2026_Organized/2026-07-07/Batch_302/entry_20260707_113014.jpg
2026-07-07,Batch_302,entry_20260707_113216.jpg,20260707,113216,96.43,/Users/bhushan/Downloads/dde2a01c-4ab7-4fdc-ab3d-2fd7819b05ef/2026_Organized/2026-07-07/Batch_302/entry_20260707_113216.jpg
2026-07-07,Batch_302,entry_20260707_113150.jpg,20260707,113150,94.05,/Users/bhushan/Downloads/dde2a01c-4ab7-4fdc-ab3d-2fd7819b05ef/2026_Organized/2026-07-07/Batch_302/entry_20260707_113150.jpg
2026-07-07,Batch_302,entry_20260707_114210.jpg,20260707,114210,94.62,/Users/bhushan/Downloads/dde2a01c-4ab7-4fdc-ab3d-2fd7819b05ef/2026_Organized/2026-07-07/Batch_302/entry_20260707_114210.jpg
2026-07-07,Batch_302,entry_20260707_113037.jpg,20260707,113037,96.45,/Users/bhushan/Downloads/dde2a01c-4ab7-4fdc-ab3d-2fd7819b05ef/2026_Organized/2026-07-07/Batch_302/entry_20260707_113037.jpg
2026-07-07,Batch_302,entry_20260707_114002.jpg,20260707,114002,94.54,/Users/bhushan/Downloads/dde2a01c-4ab7-4fdc-ab3d-2fd7819b05ef/2026_Organized/2026-07-07/Batch_302/entry_20260707_114002.jpg
2026-07-07,Batch_302,entry_20260707_120039.jpg,20260707,120039,94.29,/Users/bhushan/Downloads/dde2a01c-4ab7-4fdc-ab3d-2fd7819b05ef/2026_Organized/2026-07-07/Batch_302/entry_20260707_120039.jpg
2026-07-07,Batch_302,entry_20260707_114138.jpg,20260707,114138,92.41,/Users/bhushan/Downloads/dde2a01c-4ab7-4fdc-ab3d-2fd7819b05ef/2026_Organized/2026-07-07/Batch_302/entry_20260707_114138.jpg
2026-07-07,Batch_302,entry_20260707_112950.jpg,20260707,112950,94.85,/Users/bhushan/Downloads/dde2a01c-4ab7-4fdc-ab3d-2fd7819b05ef/2026_Organized/2026-07-07/Batch_302/entry_20260707_112950.jpg
2026-07-07,Batch_302,entry_20260707_113848.jpg,20260707,113848,91.57,/Users/bhushan/Downloads/dde2a01c-4ab7-4fdc-ab3d-2fd7819b05ef/2026_Organized/2026-07-07/Batch_302/entry_20260707_113848.jpg
2026-07-07,Batch_302,entry_20260707_112605.jpg,20260707,112605,97.66,/Users/bhushan/Downloads/dde2a01c-4ab7-4fdc-ab3d-2fd7819b05ef/2026_Organized/2026-07-07/Batch_302/entry_20260707_112605.jpg
2026-07-07,Batch_302,entry_20260707_113240.jpg,20260707,113240,86.68,/Users/bhushan/Downloads/dde2a01c-4ab7-4fdc-ab3d-2fd7819b05ef/2026_Organized/2026-07-07/Batch_302/entry_20260707_113240.jpg
2026-07-07,Batch_302,entry_20260707_114103.jpg,20260707,114103,95.87,/Users/bhushan/Downloads/dde2a01c-4ab7-4fdc-ab3d-2fd7819b05ef/2026_Organized/2026-07-07/Batch_302/entry_20260707_114103.jpg
2026-07-07,Batch_303,entry_20260707_140600.jpg,20260707,140600,83.07,/Users/bhushan/Downloads/dde2a01c-4ab7-4fdc-ab3d-2fd7819b05ef/2026_Organized/2026-07-07/Batch_303/entry_20260707_140600.jpg
2026-07-07,Batch_303,entry_20260707_140028.jpg,20260707,140028,98.6,/Users/bhushan/Downloads/dde2a01c-4ab7-4fdc-ab3d-2fd7819b05ef/2026_Organized/2026-07-07/Batch_303/entry_20260707_140028.jpg
2026-07-07,Batch_303,entry_20260707_140957.jpg,20260707,140957,85.27,/Users/bhushan/Downloads/dde2a01c-4ab7-4fdc-ab3d-2fd7819b05ef/2026_Organized/2026-07-07/Batch_303/entry_20260707_140957.jpg
2026-07-07,Batch_303,entry_20260707_140845.jpg,20260707,140845,96.15,/Users/bhushan/Downloads/dde2a01c-4ab7-4fdc-ab3d-2fd7819b05ef/2026_Organized/2026-07-07/Batch_303/entry_20260707_140845.jpg
2026-07-07,Batch_303,entry_20260707_135955.jpg,20260707,135955,99.87,/Users/bhushan/Downloads/dde2a01c-4ab7-4fdc-ab3d-2fd7819b05ef/2026_Organized/2026-07-07/Batch_303/entry_20260707_135955.jpg
2026-07-07,Batch_303,entry_20260707_140930.jpg,20260707,140930,90.29,/Users/bhushan/Downloads/dde2a01c-4ab7-4fdc-ab3d-2fd7819b05ef/2026_Organized/2026-07-07/Batch_303/entry_20260707_140930.jpg
2026-07-07,Batch_303,entry_20260707_140710.jpg,20260707,140710,96.53,/Users/bhushan/Downloads/dde2a01c-4ab7-4fdc-ab3d-2fd7819b05ef/2026_Organized/2026-07-07/Batch_303/entry_20260707_140710.jpg
2026-07-07,Batch_303,entry_20260707_135946.jpg,20260707,135946,84.35,/Users/bhushan/Downloads/dde2a01c-4ab7-4fdc-ab3d-2fd7819b05ef/2026_Organized/2026-07-07/Batch_303/entry_20260707_135946.jpg
2026-07-07,Batch_303,entry_20260707_140522.jpg,20260707,140522,97.3,/Users/bhushan/Downloads/dde2a01c-4ab7-4fdc-ab3d-2fd7819b05ef/2026_Organized/2026-07-07/Batch_303/entry_20260707_140522.jpg
2026-07-07,Batch_303,entry_20260707_140912.jpg,20260707,140912,94.03,/Users/bhushan/Downloads/dde2a01c-4ab7-4fdc-ab3d-2fd7819b05ef/2026_Organized/2026-07-07/Batch_303/entry_20260707_140912.jpg
2026-07-07,Batch_303,entry_20260707_140137.jpg,20260707,140137,84.25,/Users/bhushan/Downloads/dde2a01c-4ab7-4fdc-ab3d-2fd7819b05ef/2026_Organized/2026-07-07/Batch_303/entry_20260707_140137.jpg
2026-07-07,Batch_303,entry_20260707_140136.jpg,20260707,140136,88.34,/Users/bhushan/Downloads/dde2a01c-4ab7-4fdc-ab3d-2fd7819b05ef/2026_Organized/2026-07-07/Batch_303/entry_20260707_140136.jpg
2026-07-07,Batch_303,entry_20260707_140256.jpg,20260707,140256,95.95,/Users/bhushan/Downloads/dde2a01c-4ab7-4fdc-ab3d-2fd7819b05ef/2026_Organized/2026-07-07/Batch_303/entry_20260707_140256.jpg
2026-07-07,Batch_303,entry_20260707_140445.jpg,20260707,140445,97.83,/Users/bhushan/Downloads/dde2a01c-4ab7-4fdc-ab3d-2fd7819b05ef/2026_Organized/2026-07-07/Batch_303/entry_20260707_140445.jpg
2026-07-07,Batch_303,entry_20260707_140257.jpg,20260707,140257,84.61,/Users/bhushan/Downloads/dde2a01c-4ab7-4fdc-ab3d-2fd7819b05ef/2026_Organized/2026-07-07/Batch_303/entry_20260707_140257.jpg
2026-07-07,Batch_303,entry_20260707_141258.jpg,20260707,141258,88.89,/Users/bhushan/Downloads/dde2a01c-4ab7-4fdc-ab3d-2fd7819b05ef/2026_Organized/2026-07-07/Batch_303/entry_20260707_141258.jpg
2026-07-07,Batch_303,entry_20260707_140233.jpg,20260707,140233,88.57,/Users/bhushan/Downloads/dde2a01c-4ab7-4fdc-ab3d-2fd7819b05ef/2026_Organized/2026-07-07/Batch_303/entry_20260707_140233.jpg
2026-07-07,Batch_303,entry_20260707_140811.jpg,20260707,140811,93.06,/Users/bhushan/Downloads/dde2a01c-4ab7-4fdc-ab3d-2fd7819b05ef/2026_Organized/2026-07-07/Batch_303/entry_20260707_140811.jpg
2026-07-07,Batch_303,entry_20260707_140021.jpg,20260707,140021,88.34,/Users/bhushan/Downloads/dde2a01c-4ab7-4fdc-ab3d-2fd7819b05ef/2026_Organized/2026-07-07/Batch_303/entry_20260707_140021.jpg
2026-07-07,Batch_303,entry_20260707_140625.jpg,20260707,140625,84.81,/Users/bhushan/Downloads/dde2a01c-4ab7-4fdc-ab3d-2fd7819b05ef/2026_Organized/2026-07-07/Batch_303/entry_20260707_140625.jpg
2026-07-07,Batch_304,entry_20260707_163350.jpg,20260707,163350,98.45,/Users/bhushan/Downloads/dde2a01c-4ab7-4fdc-ab3d-2fd7819b05ef/2026_Organized/2026-07-07/Batch_304/entry_20260707_163350.jpg
2026-07-07,Batch_304,entry_20260707_162514.jpg,20260707,162514,84.42,/Users/bhushan/Downloads/dde2a01c-4ab7-4fdc-ab3d-2fd7819b05ef/2026_Organized/2026-07-07/Batch_304/entry_20260707_162514.jpg
2026-07-07,Batch_304,entry_20260707_162843.jpg,20260707,162843,97.09,/Users/bhushan/Downloads/dde2a01c-4ab7-4fdc-ab3d-2fd7819b05ef/2026_Organized/2026-07-07/Batch_304/entry_20260707_162843.jpg
2026-07-07,Batch_304,entry_20260707_163326.jpg,20260707,163326,91.51,/Users/bhushan/Downloads/dde2a01c-4ab7-4fdc-ab3d-2fd7819b05ef/2026_Organized/2026-07-07/Batch_304/entry_20260707_163326.jpg
2026-07-07,Batch_304,entry_20260707_162616.jpg,20260707,162616,92.89,/Users/bhushan/Downloads/dde2a01c-4ab7-4fdc-ab3d-2fd7819b05ef/2026_Organized/2026-07-07/Batch_304/entry_20260707_162616.jpg
2026-07-07,Batch_304,entry_20260707_163441.jpg,20260707,163441,97.71,/Users/bhushan/Downloads/dde2a01c-4ab7-4fdc-ab3d-2fd7819b05ef/2026_Organized/2026-07-07/Batch_304/entry_20260707_163441.jpg
2026-07-07,Batch_304,entry_20260707_163446.jpg,20260707,163446,89.24,/Users/bhushan/Downloads/dde2a01c-4ab7-4fdc-ab3d-2fd7819b05ef/2026_Organized/2026-07-07/Batch_304/entry_20260707_163446.jpg
2026-07-07,Batch_304,entry_20260707_163137.jpg,20260707,163137,87.33,/Users/bhushan/Downloads/dde2a01c-4ab7-4fdc-ab3d-2fd7819b05ef/2026_Organized/2026-07-07/Batch_304/entry_20260707_163137.jpg
2026-07-07,Batch_304,entry_20260707_162808.jpg,20260707,162808,93.17,/Users/bhushan/Downloads/dde2a01c-4ab7-4fdc-ab3d-2fd7819b05ef/2026_Organized/2026-07-07/Batch_304/entry_20260707_162808.jpg
2026-07-07,Batch_304,entry_20260707_163100.jpg,20260707,163100,97.08,/Users/bhushan/Downloads/dde2a01c-4ab7-4fdc-ab3d-2fd7819b05ef/2026_Organized/2026-07-07/Batch_304/entry_20260707_163100.jpg
2026-07-07,Batch_304,entry_20260707_164121.jpg,20260707,164121,89.47,/Users/bhushan/Downloads/dde2a01c-4ab7-4fdc-ab3d-2fd7819b05ef/2026_Organized/2026-07-07/Batch_304/entry_20260707_164121.jpg
2026-07-07,Batch_304,entry_20260707_163238.jpg,20260707,163238,88.53,/Users/bhushan/Downloads/dde2a01c-4ab7-4fdc-ab3d-2fd7819b05ef/2026_Organized/2026-07-07/Batch_304/entry_20260707_163238.jpg
2026-07-07,Batch_304,entry_20260707_162441.jpg,20260707,162441,85.55,/Users/bhushan/Downloads/dde2a01c-4ab7-4fdc-ab3d-2fd7819b05ef/2026_Organized/2026-07-07/Batch_304/entry_20260707_162441.jpg
2026-07-07,Batch_304,entry_20260707_162939.jpg,20260707,162939,87.9,/Users/bhushan/Downloads/dde2a01c-4ab7-4fdc-ab3d-2fd7819b05ef/2026_Organized/2026-07-07/Batch_304/entry_20260707_162939.jpg
2026-07-07,Batch_304,entry_20260707_164237.jpg,20260707,164237,98.73,/Users/bhushan/Downloads/dde2a01c-4ab7-4fdc-ab3d-2fd7819b05ef/2026_Organized/2026-07-07/Batch_304/entry_20260707_164237.jpg
2026-07-07,Batch_304,entry_20260707_162651.jpg,20260707,162651,88.31,/Users/bhushan/Downloads/dde2a01c-4ab7-4fdc-ab3d-2fd7819b05ef/2026_Organized/2026-07-07/Batch_304/entry_20260707_162651.jpg
